date,gdp,p_gdp,c_priv,p_c_priv,c_gov,p_c_gov,gfcf_equip,p_gfcf_equip,gfcf_constr,p_gfcf_constr,gfcf_other,p_gfcf_other,x,p_x,m,p_m,inv,cpi,cpi_core,ppi,ppi_core,ppi_constr,ppi_agri,prod_ind,prod_constr,ord,ord_constr,to,to_retail,to_constr,emp,h_ind,h_constr,w,cdax,neer19,neer38,i1y,i5y,i10y,comm_en,comm_exen,survey_indu,survey_serv,survey_cons,survey_reta,survey_buil,survey_eei,med_gdp,min_gdp,max_gdp,med_cpi,min_cpi,max_cpi,flag_estim
1996-03-01,-0.674594761749389,-0.0670596737383706,0.304513557766703,-0.00804135721388901,0.304513557766703,0.779696905790687,0.304502519050367,-0.211435969755064,-8.70979443347498,-0.267980387836907,3.13176384885588,-0.010261914063419,1.76704208417371,-0.322337605164244,1.13793089615057,0.106804204511279,0.5,0.266109261768652,0.221647671089197,-1.36149141880141,-0.30462030663441,-0.198216120399121,-0.380228594973868,0.192641169188062,0.192641169188062,0.344382604676005,-5.20965184055859,0.248036505833192,-1.42080698372288,-17.1300328271838,-0.204030409203057,-1.13435620673128,-20.2009683083603,0.117907161780496,8.16838764506983,-0.422383167439444,0.00511516800880667,-0.456666666666667,-0.0233333333333343,-0.0100000000000007,7.39366659434528,-1.26650769432667,-7.63333333333333,-0.06666666666667,-3.96666666666667,-0.200000000000003,-2.46666666666666,NaN,NaN,NaN,NaN,NaN,NaN,NaN,1
1996-06-01,1.55246718326443,-0.15994441284998,0.660211283853384,0.179944000744369,0.660211283853384,-0.186120129854056,3.58349163072123,-0.469686951860826,10.671011357874,-0.45425522356051,2.90396098100908,-1.49548699283519,0.252019998485327,-0.0161605312070686,-0.0143235694579761,0.67130293830822,-0.8,0.567860696884329,0.515275339565633,-0.137174232758088,-0.169635324817829,-0.0992555912751628,1.10498361865849,0.7286705299601,0.7286705299601,2.67134816232647,-3.63984318742685,1.27181201454517,0.232674195047628,14.8597466555243,0.118329205618456,-1.55066150437323,18.636572092839,-0.18183163473643,1.16934441557377,-1.28936663984907,-0.559595739408324,0.0833333333333335,0.166666666666667,0.18,8.43165837405829,2.8790263793559,-3.06666666666667,-1.8,-3.3,0.800000000000001,5.16666666666666,NaN,NaN,NaN,NaN,NaN,NaN,NaN,1
1996-09-01,0.457816365364217,0.203684095276826,0.215517324798341,0.165379707644448,0.215517324798341,0.0438612101911768,-0.476058025933378,-0.369102453056166,-0.796816964917685,-0.0843822132954729,0.925184659400118,0.00289624804714986,2.26899875432817,-0.38475977614155,0.813186591112903,-0.526550780387768,-0.2,0.226244440396954,0.256645420430199,-0.034322979571552,-0.135915753169213,-0.0993542058877901,0.532332555039629,0.761328382314075,0.761328382314075,-0.419287826003604,2.04785313435407,0.447428039492111,0.529802563755519,2.50642405965452,-0.242725750404406,-0.913393175878468,-1.28957132490313,0.299599939235546,0.999687482466946,1.35841577689996,2.00560609267877,-0.0766666666666667,-0.126666666666666,-0.156666666666666,5.96005561867447,-6.94352514985897,2.03333333333333,2.59999999999999,-0.866666666666667,4.93333333333333,-2.66666666666666,NaN,NaN,NaN,NaN,NaN,NaN,NaN,1
1996-12-01,0.390752695173014,0.228483588713647,0.0968314670313068,0.249839925832087,0.0968314670313068,0.341842106699841,2.31681306617023,0.0200218495284086,-1.79483475359985,-0.228604997816144,0.233610852336637,0.227219456282769,4.4445469562052,0.0590597563442501,3.47678997887519,1.02670325204374,0.2,0.450959050597506,0.255988437468919,0.616018375145786,0.271647026128125,-0.298656269774897,-3.52809514245437,0.454030291878301,0.454030291878301,0.96174690709485,-0.366662376659733,1.33039656263627,-0.596225681441802,-0.492561087729945,-0.296806581419248,-1.06017680217636,-3.63643924608818,0.0686341825158154,6.67309408621736,-1.31678057362317,-0.699398586301748,-0.11,-0.453333333333334,-0.413333333333334,12.6636899030749,-2.97524050521556,2.66666666666666,0.333333333333336,0.466666666666669,0.366666666666667,-2.26666666666667,NaN,NaN,NaN,NaN,NaN,NaN,NaN,1
1997-03-01,-0.347260251299436,0.0666486296114211,0.557642195724971,0.568916003118447,0.557642195724971,-0.298414680391581,0.642473674650904,-0.258255675758115,-5.18179321977197,0.544126897233597,1.87812512680865,0.843131225679854,1.27933514599093,0.505412478977185,2.57397033296331,1.39906309888876,0.2,0.598132624360984,0.582667344020597,0.23854160229303,-0.0678426077581518,-0.199600864671493,-0.19430057926281,0.301545648774378,0.301545648774378,2.10013895343879,-3.68386979268176,0.678509887041953,-1.00167782434712,-6.90365840241964,-0.151711242342089,-0.918684082996615,-11.1469500189916,-0.363315403568345,13.556674405225,-3.54869730192829,-3.51701788281335,0.0200000000000005,-0.17,-0.183333333333333,-2.40768294115211,13.0178198600434,5.1,-1.26666666666667,1.4,-1.2,5.06666666666666,NaN,NaN,NaN,NaN,NaN,NaN,NaN,1
1997-06-01,1.21017144113725,-0.1530280463359,0.5439143148629,-0.069571036504367,0.5439143148629,-0.483531935977542,0.462208544458773,-0.34428400249122,3.11966486981147,-0.353304652382238,0.285836981808295,-0.0623732016666625,3.5449469125661,0.357949006592153,1.06426440208043,0.598230085637139,-0.3,0.223380584324055,0.290065468063731,0.305862600387214,0.372566053305046,-0.2000000666667,3.47223924354696,1.27152049670923,1.27152049670923,2.85217164386036,-4.34395088882354,1.73505929885952,0.335008688528203,3.18232846462472,0.127928615438863,-1.62168372329476,6.36572414660693,-0.123040594305462,9.37880268194091,-2.25460197737576,-1.89857478095405,0,0.0666666666666664,0.0666666666666664,-9.96712857133373,7.65348113176799,3.7,2.6,-0.466666666666669,-2.56666666666667,-1,NaN,NaN,NaN,NaN,NaN,NaN,NaN,1
1997-09-01,0.332386517352348,0.174344905084866,-1.06930018000335,1.0477878641196,-1.06930018000335,-0.580615097018877,1.2668633046051,-0.0660874183772922,0.332031555039675,-0.00965861305522622,3.71217074867809,-0.635004882002736,4.2740996384979,0.401448909241103,2.43149233660038,1.1330842967223,0.3,0.851699279142152,0.97280536582515,0.473934536389657,0.438523219186239,-0.100150233708963,0.125156461894195,0.851068966790861,0.851068966790861,1.33754944503286,-0.0918976937089764,2.39486146163545,-1.92475974072811,-2.68704632642304,0.142610993330449,0.523776995053568,-0.545075003649899,-0.0197005516791531,12.0878736521951,-3.47587863882265,-2.47494528427888,0.253333333333333,0.0233333333333334,-0.303333333333334,4.78739936976525,-1.58807634562507,4.83333333333333,-1.4,-0.299999999999997,-3.3,-0.566666666666663,NaN,NaN,NaN,NaN,NaN,NaN,NaN,1
1997-12-01,0.789000787805919,0.0725735915735237,0.792380203275173,0.0894062074825585,0.792380203275173,0.555283231931393,3.26731737615596,-0.143406669303763,-0.950195717493811,-0.215243177728689,2.80677363343529,-0.665364183053634,2.06425044113317,0.0604598667762817,1.47429117316814,-0.180251187160026,0.3,0.331308972295997,0.322176759793744,0.134998333023449,0.201748555316869,-0.301053915287115,0.685574514455427,1.78934845286019,1.78934845286019,1.04957231720141,0.763245958274996,1.47757944878775,1.45543269755315,-1.32613867670304,-0.0593965329888124,0.5831302355239,-2.00618316257137,0.648077680699255,-4.94736378150089,3.05823939472308,4.97994892178584,0.42,0.13,-0.146666666666666,-0.828352642664387,-5.36749567220378,1.93333333333333,0.866666666666667,3.76666666666667,1.4,-0.200000000000003,NaN,NaN,NaN,NaN,NaN,NaN,NaN,1
1998-03-01,0.993350659932331,-0.053297350714078,0.637892871077164,-0.403584328776466,0.637892871077164,-0.416698504636982,3.68998606335538,-0.715479070288852,1.86246912512774,-0.103366232023277,2.9640581286294,0.778582423282327,1.57251397595431,-0.373260796523787,4.08932569339433,-0.817545794342115,0.3,-0.257589838843183,0,-0.134998333023448,0.134273266229511,-0.301962987371995,-1.03013241211175,1.61554402222852,1.61554402222852,2.63323743442365,0.45516692147191,1.08473104000202,0.869861624042461,5.99797067129394,0.22848335632401,-0.415705742596258,-3.37099376326947,0.317592429751905,15.850604840115,-1.14966363591888,0.405974289271116,-0.243333333333334,-0.46,-0.53,-20.891986577131,-0.9483475118008,2.83333333333333,2.56666666666666,2.83333333333333,2.43333333333333,-0.433333333333337,NaN,NaN,NaN,NaN,NaN,NaN,NaN,1
1998-06-01,-0.453180941054465,0.563436786594937,-0.0848176471543945,0.279656258484399,-0.0848176471543945,0.0297108555313877,2.21146822006474,-0.554496995019314,-2.8217802450417,0.261692276709913,4.35596766681713,-1.34066384974839,2.47996337747224,-0.458978821442424,2.2347973607708,-1.11597711013932,-0.4,0.441177186166336,0.39236718788172,-0.338295315865182,-0.1678697725089,0.703167136368075,-4.19731641309253,0.142348778485393,0.142348778485393,-0.30177314489379,-0.485585172657028,1.03627870355467,-1.13904079061361,-11.5694487357044,0.608712948639589,0.144219763435116,-1.07055799240668,0.975759580457241,12.9536650614103,1.29885160534295,1.61284226344766,0.116666666666667,0.04,-0.0200000000000005,-5.2612951468274,-5.78076303764588,-0.6,5.73333333333333,0.933333333333334,0.400000000000002,5.86666666666667,NaN,NaN,NaN,NaN,NaN,NaN,NaN,1
1998-09-01,0.242654547508236,0.0304193317057205,0.687069982577687,0.158720229997933,0.687069982577687,-0.146047349248083,2.28312145729695,-0.785767278280687,-0.268670244702029,-0.142480733305121,3.04741197632303,-0.312866587270158,-0.895795778209933,-0.50607987983519,0.583647657631613,-1.72482343576035,0.1,0.256457367159017,0.284394077212883,-0.339443638894451,-0.100857295488489,-0.100150233708963,-0.689544679281231,0.390417532293372,0.390417532293372,-1.25453080429341,3.14444232475743,-0.702016553885664,1.07239633629756,1.52974888071603,0.643089033029055,-0.259088743393804,-0.450542410135629,0.765180951366713,-9.17139463096949,2.13737205907837,3.51962852970348,-0.28,-0.603333333333333,-0.626666666666667,-9.30318647712127,-7.67272746253039,-3.73333333333333,1.1,3.7,3,4.66666666666666,NaN,NaN,NaN,NaN,NaN,NaN,NaN,1
1998-12-01,-0.0737890720246166,0.25068490213718,0.974901583777806,0.0480627353014451,0.974901583777806,-0.0140633845488445,2.29053697596121,-0.76298554556676,-2.40003452877927,-0.0354486519093489,0.780456624069464,-0.973320714710026,-1.20701525731537,-0.850036311745606,-0.142619467958545,-1.99666066923301,-0.2,0.109709281437315,0.212766037711661,-0.922295179884482,-0.472017059788804,-0.301053915287115,-1.82881239941484,-1.35522758921049,-1.35522758921049,-3.02935786270506,-1.57483569681392,-0.893860700081113,1.15991358433519,-2.89159075935337,0.473062643054594,-0.368469952357994,-4.5351517665006,0.754612426028455,-3.45611583761354,2.59851016673259,4.23084662096115,-0.306666666666667,-0.383333333333333,-0.256666666666666,-14.5840988451541,-8.06165957811093,-7.7,-0.0333333333333385,2.3,-3.2,1.66666666666666,NaN,NaN,NaN,NaN,NaN,NaN,NaN,1
1999-03-01,1.05943194715033,-0.0508230067223429,1.44990112441545,-0.12487570017488,1.44990112441545,0.775531123721343,2.47865591576186,-0.48609419772018,1.89056836513955,-0.265878076516117,5.24229037166719,-1.08290064178348,-0.328407520118988,-0.24532585221443,3.17226810874577,-0.831967913541083,0.4,-0.549753995919483,-0.390417532293368,-0.827020564867239,-0.576175123882677,-0.201207311342023,-2.20534807148574,0.251031152087881,0.251031152087881,0.941922191649156,2.07476321942487,0.298842209704028,-0.0329543585121207,-64.1031511489714,0.157191544025652,-0.814115758369977,1.78695001929535,0.232873236907516,2.25667664327601,-3.08566724428092,-1.89122904230298,-0.34,-0.19,-0.116666666666667,2.70693219682179,-1.69336125294396,-4.46666666666667,3.33333333333334,1.13333333333333,1.5,5.96666666666667,NaN,NaN,NaN,NaN,NaN,NaN,NaN,1
1999-06-01,-0.10439504027763,0.319351679724497,-0.463751024365964,0.395170971614612,-0.463751024365964,1.1006218977901,0.703509085567427,-0.243385574395756,1.70791560895856,-0.5844939143432,4.3963123421116,-0.403041308574497,5.94773064083412,0.0933077131463667,3.83162653367847,1.22962469807501,-0.6,0.805275215435704,0.142146434737767,0.379900301492634,-0.102023474246539,-0.100755676029972,-0.757579380845766,0.855925339567013,0.855925339567013,2.69765876982023,-1.5073434500417,0.817240804048835,-1.89657988927011,2.76431875141671,-0.0902093791623684,-0.787300570528792,0.196625732096365,1.32508481646121,3.67173198951257,-3.74859320473857,-3.78929695645056,-0.18,0.146666666666667,0.273333333333333,34.8481229568423,4.51390383741646,-0.600000000000001,-3.73333333333333,-3.73333333333333,-0.533333333333331,2.16666666666667,NaN,NaN,NaN,NaN,NaN,NaN,NaN,1
1999-09-01,1.22497119839621,-0.316028396307568,0.597324124112768,-0.114834779800277,0.597324124112768,0.483521776678033,2.66652715248767,-0.82187598414478,1.57268198650943,0.186034570422431,2.81648428922781,-0.70372964664029,2.70669374500091,0.338678493223788,1.98722024961276,1.13814287974851,0.1,0.145719515767063,0.106477383617945,0.618558673271074,0.339674239635877,0.100755676029977,0.0345602215294048,1.37544048121776,1.37544048121776,5.04183870528932,-2.07619914484292,2.7008941030352,0.368818523693152,-0.392491599176329,0.97344106741851,0.25087400891806,-0.644140714033324,0.67695582876126,-1.68659317459705,-1.27052370391598,-0.836292537968804,0.4,0.89,0.766666666666667,25.3870785703723,1.38098862395723,2.6,-16.1666666666667,-1.53333333333333,0.733333333333331,0.599999999999998,NaN,NaN,NaN,NaN,NaN,NaN,NaN,1
1999-12-01,1.25091347134323,-0.108043888980965,1.41716191393709,0.0703204057194735,1.41716191393709,-0.268256603947949,0.942369454768729,-0.169201867078402,0,0.193517235040996,1.15486847847822,-0.633581459624913,2.526473395019,0.467624936203304,0.487990991711404,1.96254793286342,-0.3,0.32709460382755,0.177210749902018,0.478469812333625,0.406091928631501,0.201207311342024,-0.0345602215294054,1.35677851013185,1.35677851013185,1.43577484377028,-4.3816236651763,1.89055033304838,2.31568402362998,-1.57209574920712,0.457363911938092,0.536426561610718,-1.33644451730674,0.713990700637978,13.4026929836111,-1.76375126835301,-1.18202134286833,0.553333333333333,0.423333333333334,0.24,14.4940471905399,4.88753466729974,4.2,14.8,0.8,3.56666666666667,-4.63333333333333,NaN,NaN,NaN,NaN,NaN,NaN,NaN,1
2000-03-01,1.02388243040478,-0.308845052450759,0.040485830512519,0.399134321447639,0.040485830512519,-0.340000655633128,4.56223205677268,0.0502360015565225,-0.155189167906481,0.380486978043191,3.62856247023897,-1.23118738043911,3.88896351981627,0.776826311639033,3.38222177917775,2.29794831536766,0.1,0.398334765337668,-0.0354170359643501,0.510118433177621,0.404449489650622,0.200803280324561,0.723268177901492,0.620050212514726,0.620050212514726,2.15062052209635,-0.127145598819672,1.40353181163836,-0.163639375412979,3.99465058320302,0.589465752395336,-0.546449447207874,0.636436921129641,0.901404190258196,18.5684240830954,-3.49825804287822,-3.57539637377608,0.396666666666667,0.26,0.163333333333333,15.4652511523443,9.06013666742848,5.5,-1.23333333333333,3.1,-0.433333333333332,-5.43333333333334,NaN,NaN,NaN,NaN,NaN,NaN,NaN,1
2000-06-01,1.15318400020848,-0.344423249147494,1.87464765099195,-0.0464310349533753,1.87464765099195,-0.399174940968684,3.34047452966139,0.795802824320982,-2.26780444773859,0.0409753341549715,-0.656468549528872,0.656468549528873,2.77982249611261,0.736744042327105,2.3973043076214,1.60298139196653,0,0.180538052286786,-0.0354295840730032,0.777162215338036,0.637051609627014,0.200400868671526,2.23965927443001,2.47596165101259,2.47596165101259,4.96700732469315,-3.16666200939901,3.96226693454688,0.685493136366326,-6.18585467625281,0.444090914318157,-0.130389012304772,-4.25407520106317,0.775303742197582,-3.80544236860159,-3.10932239738287,-3.03763113838702,0.646666666666667,-0.0166666666666666,-0.153333333333333,6.75067185413566,3.4160854153473,4.36666666666667,-4,0.800000000000001,2.1,-1.83333333333333,NaN,NaN,NaN,NaN,NaN,NaN,NaN,1
2000-09-01,-0.0698149931114972,0.0601330450959791,-0.238639866658006,0.710973214374901,-0.238639866658006,0.232320975921259,3.25199668691601,-0.158966617780145,-0.867619503893559,0.0423961378758593,1.17855808885473,-0.0010844344013937,1.99784669308863,0.71857975486537,2.63995180078207,2.165617484671,0,0.467879205159049,0.177022528083112,1.56957638651864,0.633018938736597,0.200000066666702,2.35461052172197,1.85866618506622,1.85866618506622,0.990761076666985,-5.29188329888719,2.02228008865732,-1.27682206049427,-4.23039561397508,0.187292543185572,0.736633166140934,-2.8222791896742,0.98549687785928,-2.59513764286239,-1.47122480377644,-1.40049761685945,0.38,0.0999999999999996,-0.0633333333333335,15.5997995721461,0.848520189566589,1.2,4.03333333333333,-0.9,-3.2,-3.96666666666667,NaN,NaN,NaN,NaN,NaN,NaN,NaN,1
2000-12-01,0.169466222085396,0.0723017018780589,-0.509008534488457,0.479552971265138,-0.509008534488457,0.199618021054353,-0.16597514183644,0.143902522830589,-1.68682349166876,0.301736684253315,2.19876145240165,0.115391403767793,6.04718217550175,0.921922967084296,5.14573620732965,1.8580185803571,0.1,0.644239880340391,0.458797346166149,1.48004675049811,0.463884198320807,0.199600864671488,2.33246725664088,0.55746988116429,0.55746988116429,0.915937054385127,1.98772822714595,1.33661321589578,0.558568891074916,-1.95742847366143,0.333984630173566,-0.893994879370114,-1.54242554958794,0.609922062989139,-9.58884708345554,-2.07186244303873,-1.65853217286933,-0.19,-0.333333333333333,-0.196666666666666,3.22150074860051,2.8419355039785,-0.333333333333333,1.7,-2.23333333333333,-2.4,2.6,NaN,NaN,NaN,NaN,NaN,NaN,NaN,1
2001-03-01,0.981225970685966,0.622763690956761,1.44044610484294,0.414581793128453,1.44044610484294,0.899804644830626,-1.04116449810798,-1.59821931226068,-0.766914132603346,-0.178559734734738,3.72104651178284,-2.10026548909751,-0.216521619069352,-0.721790349927446,-3.28370516703797,-1.630378620077,-0.7,0.356125732506861,0.386575775742021,0.650832105337511,0.428831269077638,0,0.574714225556807,0.326477599813923,0.326477599813923,-1.97309919590886,-3.06656242478821,1.35093723895319,0.848292199447706,1.88244635085943,-0.0961185158670478,1.0864238561702,-4.40540371077319,0.584001838136554,-6.48474229294745,5.36499327150425,6.04603805153459,-0.516666666666667,-0.413333333333334,-0.29,-18.4281518222163,-6.79582102461751,-3.86666666666667,-18.9333333333333,2,0.666666666666668,0.200000000000003,NaN,NaN,NaN,NaN,NaN,NaN,NaN,1
2001-06-01,0.0493023724427332,0.299883847925541,0.942384514281015,0.524852830432303,0.942384514281015,0.157365566751349,-3.04754939970337,-0.200461553489275,-1.12517316088643,-0.0350514219532699,-0.0755358359019673,0.3965633989268,0.272928502204515,0.335537546302339,0.117061763441078,-0.0151307279436369,-0.1,0.955252266539502,0.664221984099482,0.743257582248212,0.295809582999092,0,3.288224853589,-1.44454251877232,-1.44454251877232,-1.77588852109887,4.71559861472975,-1.48055488509788,-0.0975134158206318,-5.46605857753857,0.0339347325240653,-1.94115867588516,-4.4674879896235,0.151017173588666,-3.12821217552185,-3.32944258927796,-2.27672172603327,0.0599999999999996,0.233333333333333,0.396666666666667,10.2216565167859,1.18222913828366,-7.5,-1.56666666666667,-1.73333333333333,-2.9,-2.86666666666667,0.25,NaN,NaN,NaN,NaN,NaN,NaN,1
2001-09-01,-0.197355501199248,0.172724725868453,0.136692073617296,0.204691492220469,0.136692073617296,0.271227063575484,-3.79674271831026,0.148704392937071,-0.708410088327027,-0.101450459338065,-0.103955025191224,-0.217072537833606,-0.282353128760672,-0.593485463281286,-1.29527863326711,-0.642090874350062,-0.2,0.246175612278577,0.486618965117269,-0.257898273181848,-0.0328245530601908,0,0.0923787594563681,-0.86350586368805,-0.86350586368805,-2.49884643285452,-7.37485831112194,-0.879341279238557,-0.816331063916087,-0.231562087114069,-0.2122812532078,0.888236779892973,-0.968122369487207,0.0887272140192857,-16.7694351994617,1.28449381054633,2.13507584045423,-0.589999999999999,-0.406666666666666,-0.233333333333333,-8.66433917048887,-5.13739796746322,-5.6,-11.5666666666667,-4.33333333333333,-4.6,-0.333333333333336,-6.2,NaN,NaN,NaN,NaN,NaN,NaN,1
2001-12-01,0.236779905415798,1.06597388695838,-1.02977421545558,0.498228320507585,-1.02977421545558,1.02272536861364,-1.86761738038885,-0.889819755808267,-1.98507204547281,-0.183603363528625,1.31506685730317,-0.994039294278345,2.26445868379863,-0.171981484300713,-1.4023801365531,-1.27614256687395,-0.4,0.105318598465864,0.415225510076729,-0.907918039557115,-0.164284577774241,-0.199600864671493,-1.48839956992372,-2.22606156560009,-2.22606156560009,-1.74829627803473,-1.77637442419958,-2.21606555061024,-0.558936191287633,-2.55694491010826,0.0538205522516435,-2.46875881506593,-2.19617520003696,0.847799487883507,-3.19898088914356,0.258278675259478,0.720684016025664,-0.63,-0.143333333333334,-0.173333333333333,-25.1550974704244,-4.34253444353131,-6.76666666666667,-25.4,-2.1,-3.16666666666666,-0.699999999999996,-3.53333333333333,NaN,NaN,NaN,NaN,NaN,NaN,1
2002-03-01,-0.305946451328213,0.17680670981482,-0.672603920450631,0.252969530501893,-0.672603920450631,0.237984013935084,-3.29621957522493,-0.286935945199194,-0.813796117715815,-0.0919910892990389,-0.102702964071617,-0.540386068957424,-0.369242550047791,0.11744096512777,-2.48453686480097,-0.426246541174114,-0.2,0.59471926206736,0.482260665993116,0.0976721549241995,0.0657462219606475,0.09985023295896,-1.66959304325692,0.679812271382097,0.679812271382097,1.50536712854608,4.29557807528869,0.998344398418321,-1.42788413038489,3.22115959878126,0.0141584901622667,-0.357708299148749,-1.35093700234127,-0.365615014241641,5.57469588283681,-1.07132195402621,-1.12010070582196,0.443333333333333,0.55,0.33,8.43463669731338,5.35940164820774,2.3,7.7,-2.6,-3.46666666666667,-2.96666666666667,0,NaN,NaN,NaN,NaN,NaN,NaN,1
2002-06-01,0.108668817806714,-0.217350223373758,0.297294837935299,0.188937508966307,0.297294837935299,0.0248750937890667,-0.312221484677236,-0.440931017142133,-3.79098857476549,0.0649782793760502,-0.17764485060665,-1.12107470207447,2.31282305125179,-0.0586238069175742,2.28401544208717,0.294285320727407,0.1,0.278648734808086,0.10303967938964,-0.162839964333793,0.13136290887379,0,-4.51595329072487,0.57422890433967,0.57422890433967,2.77557649528966,-5.62107612690806,-0.531209748488994,1.06454764479527,-3.71747543537493,-0.363090065025169,-2.39563734473186,-5.09049470247618,0.0176506928355058,-7.98140267120283,2.18675988890324,2.81360382961959,0.103333333333333,-0.00333333333333297,0.0233333333333334,11.1019619452306,-0.96308930609613,4.76666666666667,-1.83333333333333,-0.233333333333333,-0.733333333333334,-0.333333333333336,-1.46666666666665,NaN,NaN,NaN,NaN,NaN,NaN,1
2002-09-01,0.37449536228903,0.539980151858909,0.483688816263104,0.12946101872378,0.483688816263104,-0.10855487651674,-0.548744307714886,-1.02774656607885,-0.425246835993271,-0.0573975016996547,0.541298568535682,-0.868631103032601,1.62240819459667,0.0625866872206556,1.14754539728069,-1.6304221291633,-0.1,0.173761989854088,0.240013830289295,-0.130463162666497,0.229470679286881,0.0997506317125338,-0.566573753567731,0.738258386618824,0.738258386618824,-1.15568927342529,-3.58461317731359,0.663572441539805,0.75820373113124,-4.12377887613461,-0.498555225501079,1.11603600991276,-2.38512561293211,0.418290903356107,-31.2300838828899,3.32378492210887,4.66398408074094,-0.513333333333334,-0.633333333333334,-0.47,-2.3627797337296,-1.08109161042156,-1.1,-4.86666666666667,0.366666666666667,-3.3,1.53333333333333,-3.2,NaN,NaN,NaN,NaN,NaN,NaN,1
2002-12-01,-0.206784574693262,0.673849960234631,-0.355135028472511,0.430727964133033,-0.355135028472511,0.955784060373596,0.738423583552139,-0.553213846788357,-2.00493774852982,-0.0441987122062409,1.32219576781066,-0.994863233313746,1.67522873771951,0.169342376520252,1.77013177328349,0.29984573729782,-0.1,0.0347161954536923,0.0342407125413433,0.520834510713826,0.098183611225686,-0.0997506317125414,-0.200736099523223,-0.301356330526429,-0.301356330526429,-0.686109037994535,-0.577924937377418,0.363096619417515,-1.02328009575566,-2.7501879184428,-0.472353912049128,-1.7000567832429,-3.29386760844791,0.280812785996369,-7.88225301212796,1.0539382939891,1.38337135805022,-0.393333333333333,-0.286666666666666,-0.116666666666667,-2.6038407186016,0.379712959620866,0.566666666666666,-8.06666666666667,-6.43333333333333,-0.933333333333337,-3.7,-2,NaN,NaN,NaN,NaN,NaN,NaN,1
2003-03-01,-0.395062242219377,0.050534515203721,-0.187942090040907,0.846954077798539,-0.187942090040907,-0.146247366061772,1.37276593929391,-1.02971242961499,0.911168035125581,0.128047741635846,-0.358868570100318,0.0315360356034117,-1.12548449098898,-1.35023201892235,2.90126016587616,-0.404020569882985,1.1,0.72626983596047,0.307639962337222,1.38644813154584,0.163425432679453,0.0997506317125338,-0.033495227243323,0.468384931242622,0.468384931242622,0.856903272510159,-5.31660303499345,-0.363096619417509,-0.665781420686716,-2.16472401841672,-0.249960624896118,0.591078932565132,-1.63025057760838,-0.615305417749753,-17.984549000689,4.67015791331249,4.97632529361113,-0.483333333333333,-0.516666666666667,-0.396666666666667,7.38888420991582,-3.02303866643641,-0.799999999999997,4.36666666666667,-2.06666666666667,1.7,-0.266666666666666,0.86666666666666,NaN,NaN,NaN,NaN,NaN,NaN,1
2003-06-01,-0.267552059717796,0.195161593535944,0.680845296178663,-0.0230404831756824,0.680845296178663,-0.065242055863787,-0.983379009070567,-0.851047015985423,1.28423529112271,-0.0512661875372791,0.981524184939004,-1.47454079572487,-1.62242817136265,-0.342889388319596,-1.13318357759768,-1.65128620502452,-0.7,-0.103430452247779,0.238622918750696,-0.320718684147033,-0.0980232066725551,0,-0.301962987371995,-1.14133498093659,-1.14133498093659,-1.68649669265846,-2.47537391529383,-1.09726786694756,0.366728198973427,6.58227273433168,-0.290970056778008,0.433122144777359,1.71104900231249,-0.119102773293334,14.8068647068236,4.19983927250258,3.61868859121587,-0.23,-0.18,-0.0899999999999999,-22.4569068305431,-5.44703283006494,-0.533333333333335,12.9333333333333,2.83333333333333,5.93333333333333,5.49999999999999,-0.533333333333331,NaN,NaN,NaN,NaN,NaN,NaN,1
2003-09-01,0.425764294835779,0.454207368013157,-0.0885434658664579,0.380206460796621,-0.0885434658664579,1.12121432509877,0.266134554951408,-0.29296938672388,-0.910783830101488,-0.0593730328569748,0.890591128138857,-0.890591128138853,3.40153824095032,-0.347149554205691,-0.0478950150445966,-0.836544712495297,-0.8,0.30997097317546,0.305966582395571,0.320718684147041,-0.0654022260068917,0,2.22637539439885,-0.270453173641893,-0.270453173641893,1.20753580440204,0.914767293678705,0.133645191960168,-0.0332834085282613,-3.14010750265092,-0.106805234949176,-2.48674346171622,-1.87256434467101,0.523872563471275,10.817741892894,-0.382446765435632,-0.849784270854853,0.0133333333333332,0.266666666666667,0.166666666666666,10.2932463333057,0.996783392349864,1.33333333333333,13.8333333333333,2.73333333333333,2.96666666666667,0.466666666666669,5,NaN,NaN,NaN,NaN,NaN,NaN,1
2003-12-01,0.374753890264388,0.11181146600825,-0.691360778481812,0.315764738538455,-0.691360778481812,-0.785471601643509,0.320637125825671,-0.0793824852873001,-0.645931193639737,0.119614189212275,1.45502836433533,-0.798211553125623,1.35457832389034,-0.302635824627284,2.61007724425064,-0.320817118158266,1.1,0.24042601311827,0.237328472134715,0.351606563288757,0.196078494194062,0,2.72302075608701,2.47421514660142,2.47421514660142,3.2059435353185,-1.54330487517479,2.66858200759849,0.199534485889597,-1.23019533969406,-0.150297733362459,0.832232087545047,-1.87920328390905,0.043898156982384,10.3883139989243,2.15319307675107,2.63770814627155,0.17,0.326666666666667,0.253333333333334,-1.75272257089604,5.50493587256883,4.83333333333334,5.23333333333333,1.9,5.76666666666667,-1.46666666666666,1.26666666666667,NaN,NaN,NaN,NaN,NaN,NaN,1
2004-03-01,0.265421635300488,0.424550984202636,0.118858968034318,0.479564596640608,0.118858968034318,0.624946365526363,-0.110448431815461,-0.184497485180536,-0.821922435313213,0.311765447906333,0.0267463113973435,0.6257845520949,3.81687219404762,-0.254154429732497,1.14159669424277,0.026593831206714,-0.5,0.61559701928583,0.4729738546899,-0.191632125076451,0.260841360804708,0.199203253124058,-0.0639795287339351,0.592691889776777,0.592691889776777,1.31971562349359,-1.01395038524395,0.744942716221371,0.925932541279673,0.550410672389593,0.19938457474366,-1.10998499403777,-0.957331789402587,0.520914307996794,5.17000956707365,2.25678582869947,2.37477145133915,-0.29,-0.386666666666667,-0.233333333333333,2.96795978396452,8.05947363930478,1.96666666666667,-4.9,-0.5,-3.86666666666667,2.13333333333333,-1.43333333333334,NaN,NaN,NaN,NaN,NaN,NaN,1
2004-06-01,-0.0785700295771932,0.336540923844822,-0.0198000198646986,0.626955198942198,-0.0198000198646986,0.674116903831864,1.98047941457646,-0.355726667117309,-3.06104783970188,1.01332534651506,-0.196305943293825,1.00602696655575,4.16036735868172,0.587844592259945,2.95516344507292,0.938518129544573,-0.4,0.679581276647174,0.537816422392688,0.859467331011199,0.713825224424725,0.891536365795233,0.637960696403899,1.17494824249539,1.17494824249539,1.65776590198145,-6.6266836177713,2.54872031230546,0.558018844997756,-4.13765879823667,0.138468217710597,1.12784500730166,-4.38566487672,-0.0655121985302584,-0.783659935755886,-2.48556043227699,-2.24834035976676,0.23,0.286666666666667,0.156666666666666,16.4360843067523,5.11404554031226,2.76666666666667,-4.1,-0.433333333333334,-1.7,-0.63333333333334,0.933333333333337,NaN,NaN,NaN,NaN,NaN,NaN,1
2004-09-01,-0.167166566289656,0.183494429824979,-0.0297073825029778,0.364068650465205,-0.0297073825029778,-0.084309291904015,3.88872964626874,-0.231208749783021,-2.17451817856949,0.399381348767877,1.0042297235983,-0.843069334164142,-1.45057138195663,0.331770636584006,1.84647944733916,0.98008461878758,0.9,0.371810467205482,0.234388186998362,1.07188920347439,0.708765853648387,0.39370129593396,-3.1656390148832,0.259235401173018,0.259235401173018,-0.290557105141452,-0.865806274311465,0.470736786415507,0.130847254520778,-2.65886217638469,-0.0490189020931239,-1.48971845713508,-2.42884384804724,-0.218684481832614,-3.62770169279713,0.49216613487579,0.791934335443496,0.0100000000000002,-0.15,-0.216666666666667,12.50679547192,-7.74645560682372,1.8,0.700000000000001,-0.0333333333333314,-0.333333333333336,-2.2,0.900000000000006,NaN,NaN,NaN,NaN,NaN,NaN,1
2004-12-01,0.0787014305256007,-0.071445457949992,0.493974527476187,0.134900763038714,0.493974527476187,0.550231703407204,-1.35342778306939,-0.0315648609244793,0.758080761808468,0.27961822192691,-0.327709429281089,0.48861050985116,1.05415446704632,0.0973634387686379,1.284701960296,0.333670983905122,0.1,0.235888904663019,0.0668672709635662,1.18455250419041,0.735650207142444,0.196270916784869,-3.06588491455105,-0.0971345389631781,-0.0971345389631781,1.57180461304968,0.137205601218136,0,0.586703117113829,-1.71110481347481,-0.109658626404405,0.246216360173592,-1.65796277452292,0.0262674023049592,6.10177606661034,2.39210332721364,2.52542259987811,-0.0299999999999998,-0.303333333333333,-0.343333333333333,2.63049455441559,-4.32875489368359,0.3,-0.600000000000001,1.5,1.3,-1.13333333333333,1.56666666666666,NaN,NaN,NaN,NaN,NaN,NaN,1
2005-03-01,0.353391945280781,0.445166950555883,-0.305976648922716,0.272495694707138,-0.305976648922716,0.0345184751978393,1.69673111113928,-0.209905464455341,-3.83675648406618,0.187005897231222,2.21968142863331,-2.05903882380595,2.11444308999513,0.0718657117631591,-1.78732635957124,0.307938844275559,-0.8,0.268907725067464,0.133600554274213,0.925361322427166,0.761908447643936,0.488998529419177,0.033835222789377,1.06332563013687,1.06332563013687,-0.127388552258859,-7.69244787332432,1.36818054626226,0.970253407100551,-9.6087457636963,-0.460143485059355,-0.824305192172456,-8.11277299272926,0.026260504352601,5.21374588624367,-0.172480863498957,-0.608737030545893,0.00333333333333341,-0.0366666666666666,-0.166666666666667,4.17673055701595,9.57569297062726,-1.9,-0.933333333333333,2.4,-0.733333333333334,0.733333333333334,-0.966666666666669,NaN,NaN,NaN,NaN,NaN,NaN,1
2005-06-01,0.400958925520233,-0.0470843522237482,-0.059329577533872,0.44216913117507,-0.059329577533872,0.241379210528381,1.1050977427079,-0.597482439521836,0.583743817462861,-0.0397714878810378,2.06954275595519,-0.63525522001477,2.85229793781313,0.382133751536018,4.80658499201512,0.483672580237321,0.5,0.368571367144993,0.0333722679553228,1.15996416603741,-0.126582295383,0,-0.23708732528162,1.05213787415327,1.05213787415327,0.983042639794298,4.48808734596706,0.52364204050892,-0.516296726093106,8.23341965632554,-0.156758044176415,1.08434578944442,3.94154217659878,-0.258528286315367,0.528545667674845,-2.04453093311716,-2.25607314137181,-0.2,-0.41,-0.363333333333333,14.5410313489336,3.55874746217459,-2.93333333333333,-0.4,-1.23333333333333,-0.300000000000001,4.26666666666667,-0.633333333333326,NaN,NaN,NaN,NaN,NaN,NaN,1
2005-09-01,0.564478384498739,0.276545437640824,0.621211877923121,0.665396104681614,0.621211877923121,0.329467380205518,2.25458925347649,-0.100736895643306,1.98633308503916,0.022685255567813,0.989479086562505,-0.358562167236017,2.91279112411233,0.331772444921189,2.93894637207576,1.03923182833753,-0.3,0.60020186849982,0.10005003335834,1.32651930070469,0.0633111765370336,0.194931835604968,0.0677966127663053,1.29196692298971,1.29196692298971,4.41361558142295,6.44205339980323,2.39805086680697,0.516296726093098,1.04796954997462,0.208956166229245,-1.66579592918003,0.448465237595522,-0.0351061966041887,11.1842208848096,-1.51884057378283,-1.92178546748355,0.11,0.0100000000000002,-0.126666666666667,17.3891919670045,3.01909722791457,1.3,1.83333333333333,-0.6,4.4,3.56666666666666,2.09999999999999,NaN,NaN,NaN,NaN,NaN,NaN,1
2005-12-01,0.281048787021994,0.194357000778826,-0.720172796439747,0.459369554947215,-0.720172796439747,0.0913553882090676,4.50628387823209,-0.356713666529939,2.52935270047939,0.343515681114004,0.9881172341415,-0.205027876086726,1.16063932903998,0.55998854377107,2.87093340616095,0.584121007608886,0.7,0.464345776295437,0.233061533828229,1.45684158282906,0.725212070113507,0.291687129512319,2.14557342183464,1.58413003632326,1.58413003632326,3.29651230250349,1.44961905915729,1.81309766820573,-0.451613670797778,-1.42176958509373,0.228770099049796,0.0623292839478727,0.418283313455558,0.219211802457027,4.53766446954639,-1.07743395122819,-1.24932696689071,0.416666666666667,0.366666666666667,0.196666666666667,-6.02611983635465,5.07355180413985,2.26666666666667,1.83333333333333,3.36666666666667,1.03333333333333,4.56666666666667,2.26666666666667,NaN,NaN,NaN,NaN,NaN,NaN,1
2006-03-01,0.84803437780726,0.0574752975236087,0.838062583155538,0.120855012459577,0.838062583155538,0.109500562463056,-0.548685017097484,-0.23881457824001,-4.80092191863607,0.460064469260466,1.24214912771703,-1.24214912771704,4.78254988490233,0.31665834207823,3.34589172248684,1.40312938287616,0,0.297373422511829,0.199335614177229,1.66841276758139,0.47014661118068,0.677312700584596,2.16543894353822,0.889712879288996,0.889712879288996,0.379064457396058,-5.32922151767496,1.08394206150566,0.0323258447941903,-7.63896741557669,-0.353510843072418,0.774037235636142,-6.90838130480365,0.380286765809396,12.5631462714728,0.220253305885462,-0.126360252631586,0.313333333333333,0.31,0.22,7.5969166793947,9.83572513624495,4.66666666666667,4.4,4,9.96666666666667,6.93333333333333,6.03333333333333,NaN,NaN,NaN,NaN,NaN,NaN,1
2006-06-01,1.3060865391134,0.0663986471506676,0.176574501439895,0.26838485154859,0.176574501439895,-0.15454931847138,5.11774575628946,-0.163461622220704,7.15231995468298,0.888837570742909,2.54330182019178,-0.230168617849858,1.74203705782364,0.451241676007934,0.964047252141938,0.752542237070012,-0.3,0.493665639730395,0.232057123861397,1.46955533276672,0.933713599593992,0.672756021305676,3.19413931524762,1.99583280396658,1.99583280396658,2.38688542174391,5.19830288671306,3.8862033092047,1.06093263248298,13.9224676439575,0.535573401490073,0.638076341008356,10.9776543116856,0.937954681331577,-1.48501183262173,1.98431121375975,2.73115728224881,0.35,0.393333333333334,0.433333333333334,7.41534091439835,6.20835485876677,5.8,1.5,1.13333333333333,4.06666666666667,10,3,NaN,NaN,NaN,NaN,NaN,NaN,1
2006-09-01,0.736060697934894,0.296490767075979,0.35221638995116,0.25565234124623,0.35221638995116,-0.358268461174197,0.0733406706874754,-0.164581552929649,2.116420584996,1.29155830599513,1.86787610785039,-1.56346186972758,3.25748629297307,0.077439622840142,3.28070164962108,-0.0358607128226181,0.1,0.196785894924047,0.231519865280353,0.967841315191637,0.83295252528302,1.42655771588224,2.42247870884174,1.86865885301597,1.86865885301597,4.14696960547702,-0.481506730260101,1.88789615974693,-0.964017748463847,3.65737438890777,0.435027551139317,-0.235179296847522,1.38764026559443,0.448489259233004,0.000926942988377692,0.680246210422368,1.01751470209074,0.226666666666667,-0.14,-0.226666666666667,-1.63767244994009,2.12179930948452,2.23333333333333,-2.43333333333334,-1.76666666666667,-1.86666666666667,5.2,0.433333333333337,NaN,NaN,NaN,NaN,NaN,NaN,1
2006-12-01,0.982372123513651,0.171722527219985,0.826732326368769,0.479711705713318,0.826732326368769,0.291317570073393,2.16660788821186,-0.806659458315765,1.99491093956634,1.16269220791543,2.4425607587724,-0.784647878481279,5.1809778295097,-0.161923920196362,1.65884910246832,-0.76647926621701,-1.6,0.261780254207888,0.461437865564595,0.367595493812949,0.673609405614489,1.12677248463423,1.37134558033072,1.25567425869692,1.25567425869692,-0.355046119247666,-3.34628589728792,2.23017129840199,1.44256388423636,5.58605510124549,0.324316851677745,-0.036230571752427,1.27965099000775,0.399356408379,8.99007922237576,0.0184156351512108,-0.0939098357244191,0.273333333333333,0.12,0,-16.1583417943054,3.40365947362079,3.83333333333333,1.96666666666667,0.0666666666666682,2.86666666666667,0.699999999999999,2.8,NaN,NaN,NaN,NaN,NaN,NaN,1
2007-03-01,0.640343703520701,0.976317743388929,-1.84765019524041,0.340958731852627,-1.84765019524041,-0.00565575114335393,3.62811651635999,0.257582029646813,0.564316850264657,3.28068214615543,-2.4504357046362,0.640431540274419,-0.344277514474472,-0.00934750672382099,1.56045304928349,-0.0322956873634015,1.9,0.781253973679362,0.688188854026422,0.0282206859499541,0.517426203877111,4.2053728621452,1.17347517792299,1.69763823808156,1.69763823808156,3.3892431707054,6.6266836177713,2.15519849062363,-2.93901340988968,-3.09556908515313,0.628411905469006,1.75647913005339,2.94175720184479,1.59431984892827,7.1348816426674,0.729487704969158,0.520908120074993,0.213333333333333,0.21,0.223333333333333,-4.43715707519604,3.84125437498709,-0.166666666666668,0.533333333333335,2.06666666666667,-4.5,-7,1.36666666666667,NaN,NaN,NaN,NaN,NaN,NaN,1
2007-06-01,0.166374010093794,0.533915936294542,0.756871947527414,0.534715659884095,0.756871947527414,0.0130694989612856,0.903970685865032,0.00140303466004631,-3.89250490432056,0.975666575938375,3.94539146934682,-1.5392603533351,0.805624966171446,0.775931785138925,-1.66922359044498,0.617971055260656,-1,0.710826902541224,0.618592237903894,0.394255650080877,0.695812820946681,0.802500963043493,0.62621346727401,0.79568478904546,0.79568478904546,3.81418655834237,-2.88626539508296,1.07344923941469,0.588236990306639,-6.11610685968724,0.338275121100818,0.181426918728509,-7.72324426371376,0.848388120951686,11.0541966132217,1.30392836589052,0.92340819582576,0.323333333333333,0.383333333333333,0.353333333333333,13.9553430268672,4.02874220626784,0.700000000000001,3.9,4.73333333333333,3.03333333333333,-5.26666666666667,-0.433333333333351,NaN,NaN,NaN,NaN,NaN,NaN,1
2007-09-01,0.662741748304324,0.277066839516115,0.332388613777304,0.409794365710744,0.332388613777304,0.0859075843342088,0.376390521348072,-0.119210782510927,0.73151543484194,0.391327256978136,2.91713773002799,-1.58870491015455,2.45150973930114,-0.32519313900068,2.89605881990734,-0.602657157005994,0.3,0.481773856214713,0.421053253634346,0.420698979762938,0.631106527472808,0.619745232837072,8.86944623827389,2.21142671777309,2.21142671777309,-0.97212328618646,-1.89725523233339,1.37077020286833,-0.195694778696092,1.86412564267735,0.348447214410457,0.683611977736056,0.519007638357125,0.158796523130689,-1.78522085093493,0.394598330854575,0.395826103183598,-0.103333333333333,-0.13,-0.04,6.99976066527614,-4.71626639951376,-1.66666666666667,-2.26666666666667,-1.23333333333333,-1.2,0.566666666666666,1.20000000000002,NaN,NaN,NaN,NaN,NaN,NaN,1
2007-12-01,0.265701745943843,0.102213247478902,-0.783856649229979,0.752078977110354,-0.783856649229979,0.328699595541054,3.36652988157094,-0.830468352848711,-0.536684131448925,0.655037345027465,3.8796415006756,-1.56069700878456,1.25453997608647,-0.218440820541216,0.225288746371945,0.140267284719984,0,1.08350327045343,0.740624863432585,1.36207804199489,0.388698351553008,0.615928036053487,6.35008501902537,0.717244454119144,0.717244454119144,4.79328987933138,7.67135470128505,1.20006546815238,-1.67905179129909,-2.924006094885,0.561189273316195,0.281998142392357,-0.236356238917458,0.823357944793498,2.98163748964308,2.3850662443635,2.1205464865008,-0.140000000000001,-0.163333333333333,-0.083333333333333,12.073675733325,-1.81000416436178,-3.06666666666667,-5.6,-2.6,-6.36666666666667,2.03333333333333,-2.40000000000001,NaN,NaN,NaN,NaN,NaN,NaN,1
2008-03-01,1.51648763179939,0.354327604553561,0.314280360825327,0.640408279674671,0.314280360825327,1.09085622391449,3.92588151650721,-0.117847203282011,4.39040274418415,1.01987670915732,-3.45407772098646,-0.939015201586221,2.39848053300729,0.147433298652676,3.42859128674331,1.42484646149846,0.7,0.600412611104081,0.384246390154504,1.50708428579134,0.861690073975405,1.13389788805178,-0.0255330015430253,1.71689733080884,1.71689733080884,-1.33203745543516,-0.247831601446709,3.22165457097104,1.08965912242132,17.204748615466,0.61676674348692,0.907552175870728,8.09699600808475,1.93583537674522,-17.5977912642773,1.5889527710405,1.60790409402256,-0.436666666666667,-0.476666666666667,-0.213333333333334,6.39252631439259,15.85066762006,-1.16666666666667,-0.533333333333333,-3.03333333333333,1.76666666666667,-0.866666666666664,-1.40000000000001,NaN,NaN,NaN,NaN,NaN,NaN,1
2008-06-01,NaN,NaN,NaN,NaN,NaN,NaN,NaN,NaN,NaN,NaN,NaN,NaN,NaN,NaN,NaN,NaN,NaN,0.72202479734871,0.191570939813896,1.96586376631845,0.736923010654815,NaN,-2.74415355296544,-0.786658064577491,-0.786658064577491,-2.36191884196446,-4.18046939192063,-0.542140312582432,-1.33897363700148,-10.1758352527394,NaN,1.15487940189053,-14.8990897979681,NaN,-0.0457831634173473,1.99284817394916,2.28342452169537,0.683333333333334,0.696666666666667,0.426666666666667,18.5384092813403,1.04369517554234,-2.53333333333333,-0.300000000000001,-2.3,-2.2,-1.43333333333333,-0.299999999999997,-0.4,-0.9,0.2,NaN,NaN,NaN,0
2008-09-01,NaN,NaN,NaN,NaN,NaN,NaN,NaN,NaN,NaN,NaN,NaN,NaN,NaN,NaN,NaN,NaN,NaN,NaN,NaN,NaN,NaN,NaN,NaN,NaN,NaN,NaN,NaN,NaN,NaN,NaN,NaN,NaN,NaN,NaN,NaN,NaN,NaN,NaN,NaN,NaN,NaN,NaN,NaN,NaN,NaN,NaN,NaN,NaN,0.2,-0.3,0.4,0.794059321093776,0.294059321093787,0.994059321093754,0
2008-12-01,NaN,NaN,NaN,NaN,NaN,NaN,NaN,NaN,NaN,NaN,NaN,NaN,NaN,NaN,NaN,NaN,NaN,NaN,NaN,NaN,NaN,NaN,NaN,NaN,NaN,NaN,NaN,NaN,NaN,NaN,NaN,NaN,NaN,NaN,NaN,NaN,NaN,NaN,NaN,NaN,NaN,NaN,NaN,NaN,NaN,NaN,NaN,NaN,0.3,0,0.5,0.683503270453389,0.283503270453433,0.883503270453456,0
2009-03-01,NaN,NaN,NaN,NaN,NaN,NaN,NaN,NaN,NaN,NaN,NaN,NaN,NaN,NaN,NaN,NaN,NaN,NaN,NaN,NaN,NaN,NaN,NaN,NaN,NaN,NaN,NaN,NaN,NaN,NaN,NaN,NaN,NaN,NaN,NaN,NaN,NaN,NaN,NaN,NaN,NaN,NaN,NaN,NaN,NaN,NaN,NaN,NaN,0.3,0.1,0.5,0.500412611104117,0.100412611104073,0.700412611104095,0
